name,description,query,id,parentId,isFolder
n20s Demos,,,0,-1,true
Drug Interaction Demo,,,1,0,true
Step 0: Clean slate,,"// ══════════════════════════════════════════════════════════════
// n20s Demo: Drug Interaction Safety Check
//
// LPG graph + RDF knowledge → scoped reasoning → interaction detection
// ══════════════════════════════════════════════════════════════

// ── Step 0: Clean slate ──────────────────────────────────────

MATCH (n) DETACH DELETE n",2,1,false
"Step 1: Create the LPG graph (patients, drugs, conditions)",,"// ── Step 1: Create the LPG graph (patients, drugs, conditions) ──

// Drugs
CREATE (warfarin:Drug {name: 'Warfarin', brand: 'Coumadin'})
CREATE (aspirin:Drug {name: 'Aspirin', brand: 'Bayer'})
CREATE (ibuprofen:Drug {name: 'Ibuprofen', brand: 'Advil'})
CREATE (metformin:Drug {name: 'Metformin', brand: 'Glucophage'})
CREATE (lisinopril:Drug {name: 'Lisinopril', brand: 'Zestril'})
CREATE (omeprazole:Drug {name: 'Omeprazole', brand: 'Prilosec'})
CREATE (simvastatin:Drug {name: 'Simvastatin', brand: 'Zocor'})
CREATE (clopidogrel:Drug {name: 'Clopidogrel', brand: 'Plavix'})
CREATE (fluoxetine:Drug {name: 'Fluoxetine', brand: 'Prozac'})
CREATE (amiodarone:Drug {name: 'Amiodarone', brand: 'Cordarone'})

// Conditions
CREATE (afib:Condition {name: 'Atrial Fibrillation'})
CREATE (diabetes:Condition {name: 'Type 2 Diabetes'})
CREATE (hypertension:Condition {name: 'Hypertension'})
CREATE (arthritis:Condition {name: 'Osteoarthritis'})
CREATE (depression:Condition {name: 'Major Depression'})
CREATE (gerd:Condition {name: 'GERD'})
CREATE (hyperlipidemia:Condition {name: 'Hyperlipidemia'})
CREATE (cad:Condition {name: 'Coronary Artery Disease'})

// Patients
CREATE (alice:Patient {name: 'Alice', age: 72})
CREATE (bob:Patient {name: 'Bob', age: 65})
CREATE (carol:Patient {name: 'Carol', age: 58})
CREATE (dave:Patient {name: 'Dave', age: 80})

// Prescriptions
CREATE (alice)-[:PRESCRIBED {since: date('2024-01-15')}]->(warfarin)
CREATE (alice)-[:PRESCRIBED {since: date('2024-06-01')}]->(aspirin)
CREATE (alice)-[:PRESCRIBED {since: date('2023-03-10')}]->(lisinopril)

CREATE (bob)-[:PRESCRIBED {since: date('2023-05-20')}]->(metformin)
CREATE (bob)-[:PRESCRIBED {since: date('2024-02-14')}]->(simvastatin)
CREATE (bob)-[:PRESCRIBED {since: date('2024-08-01')}]->(ibuprofen)

CREATE (carol)-[:PRESCRIBED {since: date('2024-01-01')}]->(clopidogrel)
CREATE (carol)-[:PRESCRIBED {since: date('2024-03-15')}]->(omeprazole)
CREATE (carol)-[:PRESCRIBED {since: date('2024-07-01')}]->(fluoxetine)

CREATE (dave)-[:PRESCRIBED {since: date('2023-01-01')}]->(warfarin)
CREATE (dave)-[:PRESCRIBED {since: date('2024-04-01')}]->(amiodarone)
CREATE (dave)-[:PRESCRIBED {since: date('2024-06-15')}]->(simvastatin)

// Conditions
CREATE (alice)-[:HAS_CONDITION]->(afib)
CREATE (alice)-[:HAS_CONDITION]->(hypertension)

CREATE (bob)-[:HAS_CONDITION]->(diabetes)
CREATE (bob)-[:HAS_CONDITION]->(hyperlipidemia)
CREATE (bob)-[:HAS_CONDITION]->(arthritis)

CREATE (carol)-[:HAS_CONDITION]->(cad)
CREATE (carol)-[:HAS_CONDITION]->(gerd)
CREATE (carol)-[:HAS_CONDITION]->(depression)

CREATE (dave)-[:HAS_CONDITION]->(afib)
CREATE (dave)-[:HAS_CONDITION]->(hyperlipidemia)",3,1,false
Step 2: Attach RDF triples to drug nodes,,"// ── Step 2: Attach RDF triples to drug nodes ─────────────────
//
// The LPG graph knows WHO takes WHAT.
// The RDF triples know WHY things interact.

// Namespace shortcuts for readability
// drug: = http://example.org/pharma#
// rdf:type = http://www.w3.org/1999/02/22-rdf-syntax-ns#type
// rdfs:subClassOf = http://www.w3.org/2000/01/rdf-schema#subClassOf

// Drug classification triples
MATCH (d:Drug {name: 'Warfarin'})
CREATE (d)-[:HAS_TRIPLE]->(:Triple {s: 'http://example.org/pharma#Warfarin', p: 'http://www.w3.org/1999/02/22-rdf-syntax-ns#type', o: 'http://example.org/pharma#Anticoagulant'})
CREATE (d)-[:HAS_TRIPLE]->(:Triple {s: 'http://example.org/pharma#Warfarin', p: 'http://www.w3.org/1999/02/22-rdf-syntax-ns#type', o: 'http://example.org/pharma#VitaminKAntagonist'})
CREATE (d)-[:HAS_TRIPLE]->(:Triple {s: 'http://example.org/pharma#Warfarin', p: 'http://example.org/pharma#metabolizedBy', o: 'http://example.org/pharma#CYP2C9'})",4,1,false
MATCH (d:Drug {name: 'Aspirin'}),,"MATCH (d:Drug {name: 'Aspirin'})
CREATE (d)-[:HAS_TRIPLE]->(:Triple {s: 'http://example.org/pharma#Aspirin', p: 'http://www.w3.org/1999/02/22-rdf-syntax-ns#type', o: 'http://example.org/pharma#NSAID'})
CREATE (d)-[:HAS_TRIPLE]->(:Triple {s: 'http://example.org/pharma#Aspirin', p: 'http://www.w3.org/1999/02/22-rdf-syntax-ns#type', o: 'http://example.org/pharma#PlateletInhibitor'})",5,1,false
MATCH (d:Drug {name: 'Ibuprofen'}),,"MATCH (d:Drug {name: 'Ibuprofen'})
CREATE (d)-[:HAS_TRIPLE]->(:Triple {s: 'http://example.org/pharma#Ibuprofen', p: 'http://www.w3.org/1999/02/22-rdf-syntax-ns#type', o: 'http://example.org/pharma#NSAID'})",6,1,false
MATCH (d:Drug {name: 'Metformin'}),,"MATCH (d:Drug {name: 'Metformin'})
CREATE (d)-[:HAS_TRIPLE]->(:Triple {s: 'http://example.org/pharma#Metformin', p: 'http://www.w3.org/1999/02/22-rdf-syntax-ns#type', o: 'http://example.org/pharma#Antidiabetic'})
CREATE (d)-[:HAS_TRIPLE]->(:Triple {s: 'http://example.org/pharma#Metformin', p: 'http://www.w3.org/1999/02/22-rdf-syntax-ns#type', o: 'http://example.org/pharma#BiguanideAgent'})",7,1,false
MATCH (d:Drug {name: 'Lisinopril'}),,"MATCH (d:Drug {name: 'Lisinopril'})
CREATE (d)-[:HAS_TRIPLE]->(:Triple {s: 'http://example.org/pharma#Lisinopril', p: 'http://www.w3.org/1999/02/22-rdf-syntax-ns#type', o: 'http://example.org/pharma#ACEInhibitor'})
CREATE (d)-[:HAS_TRIPLE]->(:Triple {s: 'http://example.org/pharma#Lisinopril', p: 'http://www.w3.org/1999/02/22-rdf-syntax-ns#type', o: 'http://example.org/pharma#Antihypertensive'})",8,1,false
MATCH (d:Drug {name: 'Omeprazole'}),,"MATCH (d:Drug {name: 'Omeprazole'})
CREATE (d)-[:HAS_TRIPLE]->(:Triple {s: 'http://example.org/pharma#Omeprazole', p: 'http://www.w3.org/1999/02/22-rdf-syntax-ns#type', o: 'http://example.org/pharma#ProtonPumpInhibitor'})
CREATE (d)-[:HAS_TRIPLE]->(:Triple {s: 'http://example.org/pharma#Omeprazole', p: 'http://example.org/pharma#inhibits', o: 'http://example.org/pharma#CYP2C19'})",9,1,false
MATCH (d:Drug {name: 'Simvastatin'}),,"MATCH (d:Drug {name: 'Simvastatin'})
CREATE (d)-[:HAS_TRIPLE]->(:Triple {s: 'http://example.org/pharma#Simvastatin', p: 'http://www.w3.org/1999/02/22-rdf-syntax-ns#type', o: 'http://example.org/pharma#Statin'})
CREATE (d)-[:HAS_TRIPLE]->(:Triple {s: 'http://example.org/pharma#Simvastatin', p: 'http://example.org/pharma#metabolizedBy', o: 'http://example.org/pharma#CYP3A4'})",10,1,false
MATCH (d:Drug {name: 'Clopidogrel'}),,"MATCH (d:Drug {name: 'Clopidogrel'})
CREATE (d)-[:HAS_TRIPLE]->(:Triple {s: 'http://example.org/pharma#Clopidogrel', p: 'http://www.w3.org/1999/02/22-rdf-syntax-ns#type', o: 'http://example.org/pharma#PlateletInhibitor'})
CREATE (d)-[:HAS_TRIPLE]->(:Triple {s: 'http://example.org/pharma#Clopidogrel', p: 'http://www.w3.org/1999/02/22-rdf-syntax-ns#type', o: 'http://example.org/pharma#Thienopyridine'})
CREATE (d)-[:HAS_TRIPLE]->(:Triple {s: 'http://example.org/pharma#Clopidogrel', p: 'http://example.org/pharma#activatedBy', o: 'http://example.org/pharma#CYP2C19'})",11,1,false
MATCH (d:Drug {name: 'Fluoxetine'}),,"MATCH (d:Drug {name: 'Fluoxetine'})
CREATE (d)-[:HAS_TRIPLE]->(:Triple {s: 'http://example.org/pharma#Fluoxetine', p: 'http://www.w3.org/1999/02/22-rdf-syntax-ns#type', o: 'http://example.org/pharma#SSRI'})
CREATE (d)-[:HAS_TRIPLE]->(:Triple {s: 'http://example.org/pharma#Fluoxetine', p: 'http://example.org/pharma#inhibits', o: 'http://example.org/pharma#CYP2C19'})
CREATE (d)-[:HAS_TRIPLE]->(:Triple {s: 'http://example.org/pharma#Fluoxetine', p: 'http://example.org/pharma#inhibits', o: 'http://example.org/pharma#CYP2D6'})",12,1,false
MATCH (d:Drug {name: 'Amiodarone'}),,"MATCH (d:Drug {name: 'Amiodarone'})
CREATE (d)-[:HAS_TRIPLE]->(:Triple {s: 'http://example.org/pharma#Amiodarone', p: 'http://www.w3.org/1999/02/22-rdf-syntax-ns#type', o: 'http://example.org/pharma#Antiarrhythmic'})
CREATE (d)-[:HAS_TRIPLE]->(:Triple {s: 'http://example.org/pharma#Amiodarone', p: 'http://example.org/pharma#inhibits', o: 'http://example.org/pharma#CYP2C9'})
CREATE (d)-[:HAS_TRIPLE]->(:Triple {s: 'http://example.org/pharma#Amiodarone', p: 'http://example.org/pharma#inhibits', o: 'http://example.org/pharma#CYP3A4'})",13,1,false
Step 3: Create shared ontology triples,,"// ── Step 3: Create shared ontology triples ───────────────────
// These are the """"rules"""" — class hierarchy + interaction patterns
// Stored as standalone Triple nodes (shared knowledge, not drug-specific)

CREATE (:Triple:Ontology {s: 'http://example.org/pharma#NSAID', p: 'http://www.w3.org/2000/01/rdf-schema#subClassOf', o: 'http://example.org/pharma#AntiInflammatory'})
CREATE (:Triple:Ontology {s: 'http://example.org/pharma#Anticoagulant', p: 'http://www.w3.org/2000/01/rdf-schema#subClassOf', o: 'http://example.org/pharma#BloodThinner'})
CREATE (:Triple:Ontology {s: 'http://example.org/pharma#PlateletInhibitor', p: 'http://www.w3.org/2000/01/rdf-schema#subClassOf', o: 'http://example.org/pharma#BloodThinner'})
CREATE (:Triple:Ontology {s: 'http://example.org/pharma#VitaminKAntagonist', p: 'http://www.w3.org/2000/01/rdf-schema#subClassOf', o: 'http://example.org/pharma#Anticoagulant'})
CREATE (:Triple:Ontology {s: 'http://example.org/pharma#Thienopyridine', p: 'http://www.w3.org/2000/01/rdf-schema#subClassOf', o: 'http://example.org/pharma#PlateletInhibitor'})
CREATE (:Triple:Ontology {s: 'http://example.org/pharma#ACEInhibitor', p: 'http://www.w3.org/2000/01/rdf-schema#subClassOf', o: 'http://example.org/pharma#Antihypertensive'})
CREATE (:Triple:Ontology {s: 'http://example.org/pharma#Statin', p: 'http://www.w3.org/2000/01/rdf-schema#subClassOf', o: 'http://example.org/pharma#LipidLoweringAgent'})
CREATE (:Triple:Ontology {s: 'http://example.org/pharma#SSRI', p: 'http://www.w3.org/2000/01/rdf-schema#subClassOf', o: 'http://example.org/pharma#Antidepressant'})
CREATE (:Triple:Ontology {s: 'http://example.org/pharma#BiguanideAgent', p: 'http://www.w3.org/2000/01/rdf-schema#subClassOf', o: 'http://example.org/pharma#Antidiabetic'})
CREATE (:Triple:Ontology {s: 'http://example.org/pharma#ProtonPumpInhibitor', p: 'http://www.w3.org/2000/01/rdf-schema#subClassOf', o: 'http://example.org/pharma#AcidReducer'})

// Interaction rules — class-level
CREATE (:Triple:Ontology {s: 'http://example.org/pharma#NSAID', p: 'http://example.org/pharma#interactsWith', o: 'http://example.org/pharma#Anticoagulant'})
CREATE (:Triple:Ontology {s: 'http://example.org/pharma#NSAID', p: 'http://example.org/pharma#interactionSeverity', o: '""""high""""'})
CREATE (:Triple:Ontology {s: 'http://example.org/pharma#NSAID', p: 'http://example.org/pharma#interactionRisk', o: '""""Increased bleeding risk""""'})

CREATE (:Triple:Ontology {s: 'http://example.org/pharma#PlateletInhibitor', p: 'http://example.org/pharma#interactsWith', o: 'http://example.org/pharma#Anticoagulant'})
CREATE (:Triple:Ontology {s: 'http://example.org/pharma#PlateletInhibitor', p: 'http://example.org/pharma#interactionSeverity', o: '""""high""""'})
CREATE (:Triple:Ontology {s: 'http://example.org/pharma#PlateletInhibitor', p: 'http://example.org/pharma#interactionRisk', o: '""""Additive bleeding risk""""'})

// CYP enzyme interaction rules
CREATE (:Triple:Ontology {s: 'http://example.org/pharma#CYP2C19', p: 'http://www.w3.org/1999/02/22-rdf-syntax-ns#type', o: 'http://example.org/pharma#CytochromeP450'})
CREATE (:Triple:Ontology {s: 'http://example.org/pharma#CYP2C9', p: 'http://www.w3.org/1999/02/22-rdf-syntax-ns#type', o: 'http://example.org/pharma#CytochromeP450'})
CREATE (:Triple:Ontology {s: 'http://example.org/pharma#CYP3A4', p: 'http://www.w3.org/1999/02/22-rdf-syntax-ns#type', o: 'http://example.org/pharma#CytochromeP450'})
CREATE (:Triple:Ontology {s: 'http://example.org/pharma#CYP2D6', p: 'http://www.w3.org/1999/02/22-rdf-syntax-ns#type', o: 'http://example.org/pharma#CytochromeP450'})",14,1,false
DEMO QUERIES,,"// ══════════════════════════════════════════════════════════════
// ── DEMO QUERIES ─────────────────────────────────────────────
// ══════════════════════════════════════════════════════════════

// ── Demo 1: Check Alice's prescriptions ──────────────────────

MATCH (p:Patient {name: 'Alice'})-[:PRESCRIBED]->(d:Drug)
RETURN p.name AS patient, collect(d.name) AS drugs",15,1,false
Demo 2: Scope + Project Alice's drug knowledge,,"// ── Demo 2: Scope + Project Alice's drug knowledge ───────────
//
// 1. Traverse LPG to find Alice's drugs
// 2. Collect drug-specific triples via HAS_TRIPLE
// 3. Add ontology triples (shared rules)
// 4. Project into n20s in-memory graph

CALL {
  MATCH (:Patient {name: 'Alice'})-[:PRESCRIBED]->(:Drug)-[:HAS_TRIPLE]->(t:Triple)
  RETURN t.s AS s, t.p AS p, t.o AS o
  UNION
  MATCH (t:Triple:Ontology)
  RETURN t.s AS s, t.p AS p, t.o AS o
}
WITH n20s.graph.project('alice_check', s, p, o) AS g
RETURN g.graphName AS graph, g.tripleCount AS triples",16,1,false
Demo 3: Run RDFS inference,,"// ── Demo 3: Run RDFS inference ───────────────────────────────
//
// Warfarin is a VitaminKAntagonist → subClassOf Anticoagulant → subClassOf BloodThinner
// Aspirin is an NSAID, and also a PlateletInhibitor → subClassOf BloodThinner

CALL n20s.graph.infer('alice_check', 'RDFS')
YIELD triplesBefore, triplesAfter, newTriples
RETURN triplesBefore, triplesAfter, newTriples",17,1,false
Demo 4: Detect interactions via SPARQL,,"// ── Demo 4: Detect interactions via SPARQL ───────────────────
//
// """"Find pairs of Alice's drugs where one's class interacts with the other's class""""

CALL n20s.graph.query('alice_check', '
  PREFIX pharma: <http://example.org/pharma#>
  PREFIX rdf: <http://www.w3.org/1999/02/22-rdf-syntax-ns#>

  SELECT ?drug1 ?drug2 ?class1 ?class2 ?risk ?severity WHERE {
    ?drug1 rdf:type ?class1 .
    ?drug2 rdf:type ?class2 .
    ?class1 pharma:interactsWith ?class2 .
    ?class1 pharma:interactionRisk ?risk .
    ?class1 pharma:interactionSeverity ?severity .
    FILTER(?drug1 != ?drug2)
  }
') YIELD row
RETURN row",18,1,false
Demo 5: CYP enzyme conflicts,,"// ── Demo 5: CYP enzyme conflicts ─────────────────────────────
//
// """"Find drugs where one inhibits an enzyme that another drug depends on""""
// Checks both metabolizedBy and activatedBy

CALL n20s.graph.query('alice_check', '
  PREFIX pharma: <http://example.org/pharma#>

  SELECT ?inhibitor ?enzyme ?affected ?dependency WHERE {
    ?inhibitor pharma:inhibits ?enzyme .
    ?enzyme a pharma:CytochromeP450 .
    {
      ?affected pharma:metabolizedBy ?enzyme .
      BIND(""""metabolized by"""" AS ?dependency)
    } UNION {
      ?affected pharma:activatedBy ?enzyme .
      BIND(""""activated by"""" AS ?dependency)
    }
    FILTER(?inhibitor != ?affected)
  }
') YIELD row
RETURN row",19,1,false
Demo 6: Cleanup,,"// ── Demo 6: Cleanup ──────────────────────────────────────────

CALL n20s.graph.drop('alice_check')",20,1,false
CHECK CAROL,,"// ══════════════════════════════════════════════════════════════
// ── CHECK CAROL ──────────────────────────────────────────────
//   Clopidogrel (activated by CYP2C19)
//   + Omeprazole (inhibits CYP2C19)
//   + Fluoxetine (inhibits CYP2C19)
//   → Clopidogrel can't activate — DOUBLE enzyme inhibition!
// ══════════════════════════════════════════════════════════════

CALL {
  MATCH (:Patient {name: 'Carol'})-[:PRESCRIBED]->(:Drug)-[:HAS_TRIPLE]->(t:Triple)
  RETURN t.s AS s, t.p AS p, t.o AS o
  UNION
  MATCH (t:Triple:Ontology)
  RETURN t.s AS s, t.p AS p, t.o AS o
}
WITH n20s.graph.project('carol_check', s, p, o) AS g
RETURN g.graphName AS graph, g.tripleCount AS triples",21,1,false
Carol: Infer RDFS,,"// ── Carol: Infer RDFS ────────────────────────────────────────

CALL n20s.graph.infer('carol_check', 'RDFS')
YIELD triplesBefore, triplesAfter, newTriples
RETURN triplesBefore, triplesAfter, newTriples",22,1,false
Carol: CYP enzyme conflicts,,"// ── Carol: CYP enzyme conflicts ──────────────────────────────

CALL n20s.graph.query('carol_check', '
  PREFIX pharma: <http://example.org/pharma#>

  SELECT ?inhibitor ?enzyme ?affected ?dependency WHERE {
    ?inhibitor pharma:inhibits ?enzyme .
    ?enzyme a pharma:CytochromeP450 .
    {
      ?affected pharma:metabolizedBy ?enzyme .
      BIND(""""metabolized by"""" AS ?dependency)
    } UNION {
      ?affected pharma:activatedBy ?enzyme .
      BIND(""""activated by"""" AS ?dependency)
    }
    FILTER(?inhibitor != ?affected)
  }
') YIELD row
RETURN row",23,1,false
Carol: Cleanup,,"// ── Carol: Cleanup ───────────────────────────────────────────

CALL n20s.graph.drop('carol_check')",24,1,false
CHECK DAVE,,"// ══════════════════════════════════════════════════════════════
// ── CHECK DAVE ───────────────────────────────────────────────
//   Warfarin (metabolized by CYP2C9) + Amiodarone (inhibits CYP2C9) → bleeding
//   Simvastatin (metabolized by CYP3A4) + Amiodarone (inhibits CYP3A4) → muscle damage
// ══════════════════════════════════════════════════════════════

CALL {
  MATCH (:Patient {name: 'Dave'})-[:PRESCRIBED]->(:Drug)-[:HAS_TRIPLE]->(t:Triple)
  RETURN t.s AS s, t.p AS p, t.o AS o
  UNION
  MATCH (t:Triple:Ontology)
  RETURN t.s AS s, t.p AS p, t.o AS o
}
WITH n20s.graph.project('dave_check', s, p, o) AS g
RETURN g.graphName AS graph, g.tripleCount AS triples",25,1,false
Dave: Infer RDFS,,"// ── Dave: Infer RDFS ─────────────────────────────────────────

CALL n20s.graph.infer('dave_check', 'RDFS')
YIELD triplesBefore, triplesAfter, newTriples
RETURN triplesBefore, triplesAfter, newTriples",26,1,false
Dave: CYP enzyme conflicts,,"// ── Dave: CYP enzyme conflicts ───────────────────────────────

CALL n20s.graph.query('dave_check', '
  PREFIX pharma: <http://example.org/pharma#>

  SELECT ?inhibitor ?enzyme ?affected ?dependency WHERE {
    ?inhibitor pharma:inhibits ?enzyme .
    ?enzyme a pharma:CytochromeP450 .
    {
      ?affected pharma:metabolizedBy ?enzyme .
      BIND(""""metabolized by"""" AS ?dependency)
    } UNION {
      ?affected pharma:activatedBy ?enzyme .
      BIND(""""activated by"""" AS ?dependency)
    }
    FILTER(?inhibitor != ?affected)
  }
') YIELD row
RETURN row",27,1,false
Dave: Cleanup,,"// ── Dave: Cleanup ────────────────────────────────────────────

CALL n20s.graph.drop('dave_check')",28,1,false
Cosmetics Regulation Demo,,,29,0,true
Step 0: Clean slate,,"// ══════════════════════════════════════════════════════════════
// n20s Demo: Cosmetics Regulation Impact Analysis
//
// """"EU restricts Retinol above 0.05% — what's the blast radius
//  across our product portfolio, and what can we substitute?""""
//
// LPG graph: multi-level formulation BOM with concentration ratios
// RDF knowledge: regulatory ontology + ingredient interactions
// n20s: scoped compliance reasoning + substitution validation
// ══════════════════════════════════════════════════════════════

// ── Step 0: Clean slate ──────────────────────────────────────

MATCH (n) DETACH DELETE n",30,29,false
Step 1: Create the entire LPG graph + RDF triples,,"// ── Step 1: Create the entire LPG graph + RDF triples ────────
// One single statement so all variables are in scope

CREATE

// Markets
(eu:Market {name: 'EU', regulation: 'EC 1223/2009'}),
(us:Market {name: 'US', regulation: 'FDA CFR Title 21'}),
(cn:Market {name: 'China', regulation: 'NMPA Cosmetics Regulation'}),
(jp:Market {name: 'Japan', regulation: 'MHLW Standards'}),

// Brands
(luxe:Brand {name: 'Luxe Beauté'}),
(natura:Brand {name: 'Natura Lab'}),
(derma:Brand {name: 'DermaScience'}),

// Suppliers
(supA:Supplier {name: 'ChemSource Asia', country: 'China'}),
(supB:Supplier {name: 'EuroActives GmbH', country: 'Germany'}),
(supC:Supplier {name: 'BioRetinol Inc', country: 'US'}),
(supD:Supplier {name: 'PlantExtract France', country: 'France'}),

// Ingredients
(retinol:Ingredient {name: 'Retinol', cas: '68-26-8', inci: 'RETINOL'}),
(retinal:Ingredient {name: 'Retinal', cas: '116-31-4', inci: 'RETINAL'}),
(bakuchiol:Ingredient {name: 'Bakuchiol', cas: '10309-37-2', inci: 'BAKUCHIOL'}),
(niacinamide:Ingredient {name: 'Niacinamide', cas: '98-92-0', inci: 'NIACINAMIDE'}),
(ha:Ingredient {name: 'Hyaluronic Acid', cas: '9004-61-9', inci: 'SODIUM HYALURONATE'}),
(squalane:Ingredient {name: 'Squalane', cas: '111-01-3', inci: 'SQUALANE'}),
(vitc:Ingredient {name: 'Ascorbic Acid', cas: '50-81-7', inci: 'ASCORBIC ACID'}),
(glycolicAcid:Ingredient {name: 'Glycolic Acid', cas: '79-14-1', inci: 'GLYCOLIC ACID'}),
(salicylicAcid:Ingredient {name: 'Salicylic Acid', cas: '69-72-7', inci: 'SALICYLIC ACID'}),
(tocopherol:Ingredient {name: 'Tocopherol', cas: '59-02-9', inci: 'TOCOPHEROL'}),
(caprylic:Ingredient {name: 'Caprylic/Capric Triglyceride', cas: '65381-09-1', inci: 'CAPRYLIC/CAPRIC TRIGLYCERIDE'}),
(water:Ingredient {name: 'Water', cas: '7732-18-5', inci: 'AQUA'}),
(phenoxyethanol:Ingredient {name: 'Phenoxyethanol', cas: '122-99-6', inci: 'PHENOXYETHANOL'}),

// Substitutions
(bakuchiol)-[:SUBSTITUTE_FOR {reason: 'Plant-based retinoid alternative'}]->(retinol),
(retinal)-[:SUBSTITUTE_FOR {reason: 'Aldehyde form, fewer side effects'}]->(retinol),

// Supply chain
(supA)-[:SUPPLIES {leadTime: 45}]->(retinol),
(supC)-[:SUPPLIES {leadTime: 21}]->(retinol),
(supB)-[:SUPPLIES {leadTime: 14}]->(retinal),
(supD)-[:SUPPLIES {leadTime: 7}]->(bakuchiol),
(supA)-[:SUPPLIES]->(niacinamide),
(supB)-[:SUPPLIES]->(vitc),
(supB)-[:SUPPLIES]->(glycolicAcid),

// ── Product 1: Luxe Anti-Aging Serum (Retinol 0.1%) ─────────

(p1:Product {name: 'Anti-Aging Serum', sku: 'LXB-001'}),
(p1_phA:Phase {name: 'Water Phase'}),
(p1_phB:Phase {name: 'Oil Phase'}),
(p1_phC:Phase {name: 'Active Phase'}),
(p1_premix:PreMix {name: 'Retinol Pre-Mix'}),

(luxe)-[:PRODUCES]->(p1),
(p1)-[:SELLS_IN]->(eu),
(p1)-[:SELLS_IN]->(us),
(p1)-[:IN_LINE]->(:ProductLine {name: 'Anti-Aging'}),

(p1)-[:CONTAINS {ratio: 0.70}]->(p1_phA),
(p1)-[:CONTAINS {ratio: 0.25}]->(p1_phB),
(p1)-[:CONTAINS {ratio: 0.05}]->(p1_phC),

(p1_phA)-[:CONTAINS {ratio: 0.95}]->(water),
(p1_phA)-[:CONTAINS {ratio: 0.04}]->(niacinamide),
(p1_phA)-[:CONTAINS {ratio: 0.01}]->(phenoxyethanol),

(p1_phB)-[:CONTAINS {ratio: 0.20}]->(p1_premix),
(p1_phB)-[:CONTAINS {ratio: 0.80}]->(squalane),

(p1_premix)-[:CONTAINS {ratio: 0.02}]->(retinol),
(p1_premix)-[:CONTAINS {ratio: 0.98}]->(caprylic),

(p1_phC)-[:CONTAINS {ratio: 1.0}]->(ha),

// ── Product 2: Luxe Night Cream (Retinol 0.3%) ──────────────

(p2:Product {name: 'Night Cream', sku: 'LXB-002'}),
(p2_phA:Phase {name: 'Water Phase'}),
(p2_phB:Phase {name: 'Oil Phase'}),
(p2_premix:PreMix {name: 'Retinol Concentrate'}),

(luxe)-[:PRODUCES]->(p2),
(p2)-[:SELLS_IN]->(eu),
(p2)-[:SELLS_IN]->(jp),
(p2)-[:IN_LINE]->(:ProductLine {name: 'Anti-Aging'}),

(p2)-[:CONTAINS {ratio: 0.60}]->(p2_phA),
(p2)-[:CONTAINS {ratio: 0.40}]->(p2_phB),

(p2_phA)-[:CONTAINS {ratio: 0.97}]->(water),
(p2_phA)-[:CONTAINS {ratio: 0.03}]->(phenoxyethanol),

(p2_phB)-[:CONTAINS {ratio: 0.15}]->(p2_premix),
(p2_phB)-[:CONTAINS {ratio: 0.85}]->(squalane),

(p2_premix)-[:CONTAINS {ratio: 0.05}]->(retinol),
(p2_premix)-[:CONTAINS {ratio: 0.95}]->(caprylic),

// ── Product 3: DermaScience Peel (no retinol) ────────────────

(p3:Product {name: 'Renewal Peel', sku: 'DS-010'}),
(derma)-[:PRODUCES]->(p3),
(p3)-[:SELLS_IN]->(eu),
(p3)-[:SELLS_IN]->(us),

(p3)-[:CONTAINS {ratio: 0.90}]->(water),
(p3)-[:CONTAINS {ratio: 0.08}]->(glycolicAcid),
(p3)-[:CONTAINS {ratio: 0.02}]->(phenoxyethanol),

// ── Product 4: Natura Brightening Serum (Vit C + Niacinamide) ─

(p4:Product {name: 'Brightening Serum', sku: 'NL-005'}),
(natura)-[:PRODUCES]->(p4),
(p4)-[:SELLS_IN]->(eu),
(p4)-[:SELLS_IN]->(cn),

(p4)-[:CONTAINS {ratio: 0.85}]->(water),
(p4)-[:CONTAINS {ratio: 0.10}]->(vitc),
(p4)-[:CONTAINS {ratio: 0.04}]->(niacinamide),
(p4)-[:CONTAINS {ratio: 0.01}]->(phenoxyethanol),

// ── Product 5: Natura Retinol Booster (Retinol + Vit C) ──────

(p5:Product {name: 'Retinol Booster', sku: 'NL-008'}),
(p5_phA:Phase {name: 'Aqueous'}),
(p5_phB:Phase {name: 'Active Oil'}),

(natura)-[:PRODUCES]->(p5),
(p5)-[:SELLS_IN]->(eu),
(p5)-[:SELLS_IN]->(us),

(p5)-[:CONTAINS {ratio: 0.70}]->(p5_phA),
(p5)-[:CONTAINS {ratio: 0.30}]->(p5_phB),

(p5_phA)-[:CONTAINS {ratio: 0.90}]->(water),
(p5_phA)-[:CONTAINS {ratio: 0.10}]->(vitc),

(p5_phB)-[:CONTAINS {ratio: 0.03}]->(retinol),
(p5_phB)-[:CONTAINS {ratio: 0.05}]->(tocopherol),
(p5_phB)-[:CONTAINS {ratio: 0.92}]->(squalane),

// ── RDF triples: ingredient classifications ──────────────────

(retinol)-[:HAS_TRIPLE]->(:Triple {s: 'http://example.org/cosmo#Retinol', p: 'http://www.w3.org/1999/02/22-rdf-syntax-ns#type', o: 'http://example.org/cosmo#RetinoidAgent'}),
(retinol)-[:HAS_TRIPLE]->(:Triple {s: 'http://example.org/cosmo#Retinol', p: 'http://www.w3.org/1999/02/22-rdf-syntax-ns#type', o: 'http://example.org/cosmo#PhotosensitiveAgent'}),
(retinol)-[:HAS_TRIPLE]->(:Triple {s: 'http://example.org/cosmo#Retinol', p: 'http://example.org/cosmo#maxConcentrationEU', o: '""""0.05""""'}),
(retinol)-[:HAS_TRIPLE]->(:Triple {s: 'http://example.org/cosmo#Retinol', p: 'http://example.org/cosmo#regulatoryRef', o: '""""EC 1223/2009 Annex III/98a""""'}),

(retinal)-[:HAS_TRIPLE]->(:Triple {s: 'http://example.org/cosmo#Retinal', p: 'http://www.w3.org/1999/02/22-rdf-syntax-ns#type', o: 'http://example.org/cosmo#RetinoidAgent'}),
(retinal)-[:HAS_TRIPLE]->(:Triple {s: 'http://example.org/cosmo#Retinal', p: 'http://www.w3.org/1999/02/22-rdf-syntax-ns#type', o: 'http://example.org/cosmo#PhotosensitiveAgent'}),
(retinal)-[:HAS_TRIPLE]->(:Triple {s: 'http://example.org/cosmo#Retinal', p: 'http://example.org/cosmo#maxConcentrationEU', o: '""""0.01""""'}),

(bakuchiol)-[:HAS_TRIPLE]->(:Triple {s: 'http://example.org/cosmo#Bakuchiol', p: 'http://www.w3.org/1999/02/22-rdf-syntax-ns#type', o: 'http://example.org/cosmo#RetinoidAlternative'}),
(bakuchiol)-[:HAS_TRIPLE]->(:Triple {s: 'http://example.org/cosmo#Bakuchiol', p: 'http://www.w3.org/1999/02/22-rdf-syntax-ns#type', o: 'http://example.org/cosmo#PlantExtract'}),
(bakuchiol)-[:HAS_TRIPLE]->(:Triple {s: 'http://example.org/cosmo#Bakuchiol', p: 'http://example.org/cosmo#functionallyEquivalentTo', o: 'http://example.org/cosmo#RetinoidAgent'}),

(vitc)-[:HAS_TRIPLE]->(:Triple {s: 'http://example.org/cosmo#AscorbicAcid', p: 'http://www.w3.org/1999/02/22-rdf-syntax-ns#type', o: 'http://example.org/cosmo#Antioxidant'}),
(vitc)-[:HAS_TRIPLE]->(:Triple {s: 'http://example.org/cosmo#AscorbicAcid', p: 'http://www.w3.org/1999/02/22-rdf-syntax-ns#type', o: 'http://example.org/cosmo#AcidActiveAgent'}),
(vitc)-[:HAS_TRIPLE]->(:Triple {s: 'http://example.org/cosmo#AscorbicAcid', p: 'http://example.org/cosmo#optimalPH', o: '""""3.5""""'}),

(glycolicAcid)-[:HAS_TRIPLE]->(:Triple {s: 'http://example.org/cosmo#GlycolicAcid', p: 'http://www.w3.org/1999/02/22-rdf-syntax-ns#type', o: 'http://example.org/cosmo#AHAExfoliant'}),
(glycolicAcid)-[:HAS_TRIPLE]->(:Triple {s: 'http://example.org/cosmo#GlycolicAcid', p: 'http://www.w3.org/1999/02/22-rdf-syntax-ns#type', o: 'http://example.org/cosmo#AcidActiveAgent'}),
(glycolicAcid)-[:HAS_TRIPLE]->(:Triple {s: 'http://example.org/cosmo#GlycolicAcid', p: 'http://example.org/cosmo#maxConcentrationEU', o: '""""0.10""""'}),

(salicylicAcid)-[:HAS_TRIPLE]->(:Triple {s: 'http://example.org/cosmo#SalicylicAcid', p: 'http://www.w3.org/1999/02/22-rdf-syntax-ns#type', o: 'http://example.org/cosmo#BHAExfoliant'}),
(salicylicAcid)-[:HAS_TRIPLE]->(:Triple {s: 'http://example.org/cosmo#SalicylicAcid', p: 'http://example.org/cosmo#maxConcentrationEU', o: '""""0.02""""'}),

(niacinamide)-[:HAS_TRIPLE]->(:Triple {s: 'http://example.org/cosmo#Niacinamide', p: 'http://www.w3.org/1999/02/22-rdf-syntax-ns#type', o: 'http://example.org/cosmo#VitaminDerivative'}),
(niacinamide)-[:HAS_TRIPLE]->(:Triple {s: 'http://example.org/cosmo#Niacinamide', p: 'http://example.org/cosmo#optimalPH', o: '""""6.0""""'}),

(phenoxyethanol)-[:HAS_TRIPLE]->(:Triple {s: 'http://example.org/cosmo#Phenoxyethanol', p: 'http://www.w3.org/1999/02/22-rdf-syntax-ns#type', o: 'http://example.org/cosmo#Preservative'}),
(phenoxyethanol)-[:HAS_TRIPLE]->(:Triple {s: 'http://example.org/cosmo#Phenoxyethanol', p: 'http://example.org/cosmo#maxConcentrationEU', o: '""""0.01""""'}),

(tocopherol)-[:HAS_TRIPLE]->(:Triple {s: 'http://example.org/cosmo#Tocopherol', p: 'http://www.w3.org/1999/02/22-rdf-syntax-ns#type', o: 'http://example.org/cosmo#Antioxidant'}),
(tocopherol)-[:HAS_TRIPLE]->(:Triple {s: 'http://example.org/cosmo#Tocopherol', p: 'http://example.org/cosmo#stabilizes', o: 'http://example.org/cosmo#RetinoidAgent'}),

// RDF-level formulation composition (for SHACL SPARQL constraints)
// Product 5: Retinol Booster contains Retinol + Ascorbic Acid
(p5)-[:HAS_TRIPLE]->(:Triple {s: 'http://example.org/cosmo#RetinolBooster', p: 'http://example.org/cosmo#containsIngredient', o: 'http://example.org/cosmo#Retinol'}),
(p5)-[:HAS_TRIPLE]->(:Triple {s: 'http://example.org/cosmo#RetinolBooster', p: 'http://example.org/cosmo#containsIngredient', o: 'http://example.org/cosmo#AscorbicAcid'}),
(p5)-[:HAS_TRIPLE]->(:Triple {s: 'http://example.org/cosmo#RetinolBooster', p: 'http://example.org/cosmo#containsIngredient', o: 'http://example.org/cosmo#Tocopherol'}),
// Product 1: Anti-Aging Serum contains Retinol + Niacinamide
(p1)-[:HAS_TRIPLE]->(:Triple {s: 'http://example.org/cosmo#AntiAgingSerum', p: 'http://example.org/cosmo#containsIngredient', o: 'http://example.org/cosmo#Retinol'}),
(p1)-[:HAS_TRIPLE]->(:Triple {s: 'http://example.org/cosmo#AntiAgingSerum', p: 'http://example.org/cosmo#containsIngredient', o: 'http://example.org/cosmo#Niacinamide'}),
// Product 4: Brightening Serum contains Ascorbic Acid + Niacinamide
(p4)-[:HAS_TRIPLE]->(:Triple {s: 'http://example.org/cosmo#BrighteningSerum', p: 'http://example.org/cosmo#containsIngredient', o: 'http://example.org/cosmo#AscorbicAcid'}),
(p4)-[:HAS_TRIPLE]->(:Triple {s: 'http://example.org/cosmo#BrighteningSerum', p: 'http://example.org/cosmo#containsIngredient', o: 'http://example.org/cosmo#Niacinamide'}),

// ── RDF triples: ontology (class hierarchy + rules) ──────────

(:Triple:Ontology {s: 'http://example.org/cosmo#RetinoidAgent', p: 'http://www.w3.org/2000/01/rdf-schema#subClassOf', o: 'http://example.org/cosmo#ActiveIngredient'}),
(:Triple:Ontology {s: 'http://example.org/cosmo#RetinoidAlternative', p: 'http://www.w3.org/2000/01/rdf-schema#subClassOf', o: 'http://example.org/cosmo#ActiveIngredient'}),
(:Triple:Ontology {s: 'http://example.org/cosmo#Antioxidant', p: 'http://www.w3.org/2000/01/rdf-schema#subClassOf', o: 'http://example.org/cosmo#ActiveIngredient'}),
(:Triple:Ontology {s: 'http://example.org/cosmo#AHAExfoliant', p: 'http://www.w3.org/2000/01/rdf-schema#subClassOf', o: 'http://example.org/cosmo#Exfoliant'}),
(:Triple:Ontology {s: 'http://example.org/cosmo#BHAExfoliant', p: 'http://www.w3.org/2000/01/rdf-schema#subClassOf', o: 'http://example.org/cosmo#Exfoliant'}),
(:Triple:Ontology {s: 'http://example.org/cosmo#Exfoliant', p: 'http://www.w3.org/2000/01/rdf-schema#subClassOf', o: 'http://example.org/cosmo#ActiveIngredient'}),
(:Triple:Ontology {s: 'http://example.org/cosmo#PhotosensitiveAgent', p: 'http://www.w3.org/2000/01/rdf-schema#subClassOf', o: 'http://example.org/cosmo#SensitivityConcern'}),
(:Triple:Ontology {s: 'http://example.org/cosmo#AcidActiveAgent', p: 'http://www.w3.org/2000/01/rdf-schema#subClassOf', o: 'http://example.org/cosmo#pHSensitiveAgent'}),
(:Triple:Ontology {s: 'http://example.org/cosmo#VitaminDerivative', p: 'http://www.w3.org/2000/01/rdf-schema#subClassOf', o: 'http://example.org/cosmo#ActiveIngredient'}),
(:Triple:Ontology {s: 'http://example.org/cosmo#PlantExtract', p: 'http://www.w3.org/2000/01/rdf-schema#subClassOf', o: 'http://example.org/cosmo#NaturalOrigin'}),
(:Triple:Ontology {s: 'http://example.org/cosmo#Preservative', p: 'http://www.w3.org/2000/01/rdf-schema#subClassOf', o: 'http://example.org/cosmo#FunctionalIngredient'}),

// Incompatibility rules
(:Triple:Ontology {s: 'http://example.org/cosmo#PhotosensitiveAgent', p: 'http://example.org/cosmo#incompatibleWith', o: 'http://example.org/cosmo#AHAExfoliant'}),
(:Triple:Ontology {s: 'http://example.org/cosmo#PhotosensitiveAgent', p: 'http://example.org/cosmo#incompatibilityRisk', o: '""""Increased photosensitivity and irritation""""'}),
(:Triple:Ontology {s: 'http://example.org/cosmo#PhotosensitiveAgent', p: 'http://example.org/cosmo#incompatibilitySeverity', o: '""""high""""'}),

(:Triple:Ontology {s: 'http://example.org/cosmo#RetinoidAgent', p: 'http://example.org/cosmo#incompatibleWith', o: 'http://example.org/cosmo#AcidActiveAgent'}),
(:Triple:Ontology {s: 'http://example.org/cosmo#RetinoidAgent', p: 'http://example.org/cosmo#incompatibilityRisk', o: '""""Retinoid degradation at low pH, increased irritation""""'}),
(:Triple:Ontology {s: 'http://example.org/cosmo#RetinoidAgent', p: 'http://example.org/cosmo#incompatibilitySeverity', o: '""""medium""""'}),

(:Triple:Ontology {s: 'http://example.org/cosmo#AcidActiveAgent', p: 'http://example.org/cosmo#incompatibleWith', o: 'http://example.org/cosmo#VitaminDerivative'}),
(:Triple:Ontology {s: 'http://example.org/cosmo#AcidActiveAgent', p: 'http://example.org/cosmo#incompatibilityRisk', o: '""""Niacin flushing reaction at low pH""""'}),
(:Triple:Ontology {s: 'http://example.org/cosmo#AcidActiveAgent', p: 'http://example.org/cosmo#incompatibilitySeverity', o: '""""low""""'}),

// ── SHACL Shapes ─────────────────────────────────────────────
// Validation rules as RDF triples (sh: namespace)
// These are projected alongside data + ontology into n20s

// Shape 1: Retinoid + Acid incompatibility (SPARQL constraint)
(:Triple:SHACLShape {s: 'http://example.org/cosmo#RetinoidAcidShape',
  p: 'http://www.w3.org/1999/02/22-rdf-syntax-ns#type',
  o: 'http://www.w3.org/ns/shacl#NodeShape'}),
(:Triple:SHACLShape {s: 'http://example.org/cosmo#RetinoidAcidShape',
  p: 'http://www.w3.org/ns/shacl#targetClass',
  o: 'http://example.org/cosmo#RetinoidAgent'}),
(:Triple:SHACLShape {s: 'http://example.org/cosmo#RetinoidAcidShape',
  p: 'http://www.w3.org/ns/shacl#severity',
  o: 'http://www.w3.org/ns/shacl#Violation'}),
(:Triple:SHACLShape {s: 'http://example.org/cosmo#RetinoidAcidShape',
  p: 'http://www.w3.org/ns/shacl#sparql',
  o: '_:sparql1'}),
(:Triple:SHACLShape {s: '_:sparql1',
  p: 'http://www.w3.org/1999/02/22-rdf-syntax-ns#type',
  o: 'http://www.w3.org/ns/shacl#SPARQLConstraint'}),
(:Triple:SHACLShape {s: '_:sparql1',
  p: 'http://www.w3.org/ns/shacl#message',
  o: '""""Retinoid ingredient is incompatible with acid active agent in the same formulation""""'}),
(:Triple:SHACLShape {s: '_:sparql1',
  p: 'http://www.w3.org/ns/shacl#select',
  o: '""""SELECT $this WHERE { $this <http://www.w3.org/1999/02/22-rdf-syntax-ns#type>/<http://www.w3.org/2000/01/rdf-schema#subClassOf>* <http://example.org/cosmo#RetinoidAgent> . ?formulation <http://example.org/cosmo#containsIngredient> $this . ?formulation <http://example.org/cosmo#containsIngredient> ?other . ?other <http://www.w3.org/1999/02/22-rdf-syntax-ns#type>/<http://www.w3.org/2000/01/rdf-schema#subClassOf>* <http://example.org/cosmo#AcidActiveAgent> . FILTER(?other != $this) }""""'}),

// Shape 2: Every active ingredient must have a classification
(:Triple:SHACLShape {s: 'http://example.org/cosmo#ActiveIngredientShape',
  p: 'http://www.w3.org/1999/02/22-rdf-syntax-ns#type',
  o: 'http://www.w3.org/ns/shacl#NodeShape'}),
(:Triple:SHACLShape {s: 'http://example.org/cosmo#ActiveIngredientShape',
  p: 'http://www.w3.org/ns/shacl#targetClass',
  o: 'http://example.org/cosmo#ActiveIngredient'}),
(:Triple:SHACLShape {s: 'http://example.org/cosmo#ActiveIngredientShape',
  p: 'http://www.w3.org/ns/shacl#property',
  o: '_:prop_maxconc'}),
(:Triple:SHACLShape {s: '_:prop_maxconc',
  p: 'http://www.w3.org/ns/shacl#path',
  o: 'http://example.org/cosmo#maxConcentrationEU'}),
(:Triple:SHACLShape {s: '_:prop_maxconc',
  p: 'http://www.w3.org/ns/shacl#minCount',
  o: '""""1""""^^<http://www.w3.org/2001/XMLSchema#integer>'}),
(:Triple:SHACLShape {s: '_:prop_maxconc',
  p: 'http://www.w3.org/ns/shacl#severity',
  o: 'http://www.w3.org/ns/shacl#Warning'}),
(:Triple:SHACLShape {s: '_:prop_maxconc',
  p: 'http://www.w3.org/ns/shacl#message',
  o: '""""Active ingredient missing EU max concentration limit — regulatory gap""""'})",31,29,false
DEMO QUERIES,,"// ══════════════════════════════════════════════════════════════
// ── DEMO QUERIES ─────────────────────────────────────────────
// ══════════════════════════════════════════════════════════════


// ── Demo 1: Compute final concentrations via BOM traversal ───
//
// reduce() multiplies ratios along the path:
// Product → Phase (70%) → PreMix (20%) → Retinol (2%) = 0.28%

MATCH path = (p:Product)-[:CONTAINS*]->(i:Ingredient {name: 'Retinol'})
WITH p, i,
     round(reduce(conc = 1.0, r IN relationships(path) | conc * r.ratio) * 100, 4) AS pct
RETURN p.name AS product, pct AS retinol_pct
ORDER BY pct DESC",32,29,false
Demo 2: Regulation blast radius,,"// ── Demo 2: Regulation blast radius ──────────────────────────
//
// """"EU restricts Retinol above 0.05% — which products are affected?""""

MATCH path = (p:Product)-[:CONTAINS*]->(i:Ingredient {name: 'Retinol'})
WITH p, i,
     reduce(conc = 1.0, r IN relationships(path) | conc * r.ratio) AS finalConc
WHERE finalConc > 0.0005
MATCH (p)-[:SELLS_IN]->(m:Market {name: 'EU'})
MATCH (b:Brand)-[:PRODUCES]->(p)
RETURN b.name AS brand, p.name AS product, p.sku AS sku,
       round(finalConc * 100, 4) AS retinol_pct,
       0.05 AS eu_limit_pct,
       'NON-COMPLIANT' AS status
ORDER BY finalConc DESC",33,29,false
Demo 3: Substitution candidates,,"// ── Demo 3: Substitution candidates ──────────────────────────
//
// """"What can replace Retinol? Who supplies it?""""

MATCH (retinol:Ingredient {name: 'Retinol'})<-[sf:SUBSTITUTE_FOR]-(alt:Ingredient)
OPTIONAL MATCH (sup:Supplier)-[:SUPPLIES]->(alt)
RETURN alt.name AS substitute, alt.inci AS inci,
       sf.reason AS reason,
       collect(sup.name) AS suppliers",34,29,false
Demo 4a: Project Retinol Booster,,"// ══════════════════════════════════════════════════════════════
// FORWARD CHAINING — materialize inferences, then query
// project → infer → query (3 steps)
// ══════════════════════════════════════════════════════════════

// ── Demo 4a: Project Retinol Booster ─────────────────────────
//
// Retinol Booster has Retinol + Vitamin C (Ascorbic Acid)
// Retinoids are incompatible with acid actives

CALL {
  MATCH (:Product {name: 'Retinol Booster'})-[:CONTAINS*]->(:Ingredient)-[:HAS_TRIPLE]->(t:Triple)
  RETURN t.s AS s, t.p AS p, t.o AS o
  UNION
  MATCH (t:Triple:Ontology)
  RETURN t.s AS s, t.p AS p, t.o AS o
}
WITH n20s.graph.project('forward_check', s, p, o) AS g
RETURN g.graphName, g.tripleCount",35,29,false
Demo 4b: Forward chaining — materialize all RDFS inferences,,"// ── Demo 4b: Forward chaining — materialize all RDFS inferences ─

CALL n20s.graph.infer('forward_check', 'RDFS')
YIELD triplesBefore, triplesAfter, newTriples
RETURN triplesBefore, triplesAfter, newTriples",36,29,false
Demo 4c: Query the materialized graph,,"// ── Demo 4c: Query the materialized graph ────────────────────

CALL n20s.graph.query('forward_check', '
  PREFIX cosmo: <http://example.org/cosmo#>
  PREFIX rdf: <http://www.w3.org/1999/02/22-rdf-syntax-ns#>

  SELECT ?ing1 ?ing2 ?risk ?severity WHERE {
    ?ing1 rdf:type ?class1 .
    ?ing2 rdf:type ?class2 .
    ?class1 cosmo:incompatibleWith ?class2 .
    ?class1 cosmo:incompatibilityRisk ?risk .
    ?class1 cosmo:incompatibilitySeverity ?severity .
    FILTER(?ing1 != ?ing2)
  }
') YIELD row
RETURN row",37,29,false
Demo 4d: Cleanup forward check,,"// ── Demo 4d: Cleanup forward check ───────────────────────────

CALL n20s.graph.drop('forward_check')",38,29,false
Demo 5a: Project Retinol Booster (same as before),,"// ══════════════════════════════════════════════════════════════
// BACKWARD CHAINING — reason on-the-fly during query
// project → query with 'RDFS' (2 steps, no materialization)
// ══════════════════════════════════════════════════════════════

// ── Demo 5a: Project Retinol Booster (same as before) ────────

CALL {
  MATCH (:Product {name: 'Retinol Booster'})-[:CONTAINS*]->(:Ingredient)-[:HAS_TRIPLE]->(t:Triple)
  RETURN t.s AS s, t.p AS p, t.o AS o
  UNION
  MATCH (t:Triple:Ontology)
  RETURN t.s AS s, t.p AS p, t.o AS o
}
WITH n20s.graph.project('backward_check', s, p, o) AS g
RETURN g.graphName, g.tripleCount",39,29,false
Demo 5b: Query with backward chaining — no infer() needed,,"// ── Demo 5b: Query with backward chaining — no infer() needed ─
//
// The third parameter 'RDFS' tells n20s to reason lazily
// during query execution. Same result, fewer steps.

CALL n20s.graph.query('backward_check', '
  PREFIX cosmo: <http://example.org/cosmo#>
  PREFIX rdf: <http://www.w3.org/1999/02/22-rdf-syntax-ns#>

  SELECT ?ing1 ?ing2 ?risk ?severity WHERE {
    ?ing1 rdf:type ?class1 .
    ?ing2 rdf:type ?class2 .
    ?class1 cosmo:incompatibleWith ?class2 .
    ?class1 cosmo:incompatibilityRisk ?risk .
    ?class1 cosmo:incompatibilitySeverity ?severity .
    FILTER(?ing1 != ?ing2)
  }
', 'RDFS') YIELD row
RETURN row",40,29,false
Demo 5c: Check EU limits (also with backward chaining),,"// ── Demo 5c: Check EU limits (also with backward chaining) ───

CALL n20s.graph.query('backward_check', '
  PREFIX cosmo: <http://example.org/cosmo#>
  SELECT ?ingredient ?limit WHERE {
    ?ingredient cosmo:maxConcentrationEU ?limit .
  }
') YIELD row
RETURN row",41,29,false
Demo 5d: Cleanup backward check,,"// ── Demo 5d: Cleanup backward check ──────────────────────────

CALL n20s.graph.drop('backward_check')",42,29,false
Demo 7a: SHACL validation — project Retinol Booster + shapes,,"// ══════════════════════════════════════════════════════════════
// COMPARISON
//
// Forward chaining:  project → infer() → query()   [3 steps]
//   + All inferences materialized — fast repeated queries
//   + Can inspect inferred triples with n20s.graph.triples()
//   - Extra step, more memory (stores all entailed triples)
//
// Backward chaining: project → query(... , 'RDFS')  [2 steps]
//   + Simpler workflow — no separate infer step
//   + Only computes inferences needed for the query
//   - Each query re-reasons (slower if many queries on same graph)
// ══════════════════════════════════════════════════════════════


// ── Demo 7a: SHACL validation — project Retinol Booster + shapes ─
//
// Project the Retinol Booster's ingredients + ontology + SHACL shapes.
// The SPARQL constraint checks: """"is a Retinoid co-formulated with an Acid?""""
// No RDFS inference needed — the SPARQL property path handles class traversal.

CALL {
  MATCH (:Product {name: 'Retinol Booster'})-[:HAS_TRIPLE]->(t:Triple)
  RETURN t.s AS s, t.p AS p, t.o AS o
  UNION
  MATCH (:Product {name: 'Retinol Booster'})-[:CONTAINS*]->(:Ingredient)-[:HAS_TRIPLE]->(t:Triple)
  RETURN t.s AS s, t.p AS p, t.o AS o
  UNION
  MATCH (t:Triple:Ontology)
  RETURN t.s AS s, t.p AS p, t.o AS o
  UNION
  MATCH (t:Triple:SHACLShape)
  RETURN t.s AS s, t.p AS p, t.o AS o
}
WITH n20s.graph.project('shacl_booster', s, p, o) AS g
RETURN g.graphName, g.tripleCount",43,29,false
Demo 7b: Run SHACL validation,,"// ── Demo 7b: Run SHACL validation ────────────────────────────
//
// Expected: Retinol flagged as Violation (co-formulated with Ascorbic Acid)

CALL n20s.graph.validate('shacl_booster')
YIELD focusNode, path, severity, message
RETURN focusNode, severity, message",44,29,false
Demo 7c: Cleanup SHACL check,,"// ── Demo 7c: Cleanup SHACL check ────────────────────────────

CALL n20s.graph.drop('shacl_booster')",45,29,false
Demo 7d: SHACL validation — Brightening Serum,,"// ── Demo 7d: SHACL validation — Brightening Serum ───────────
//
// Ascorbic Acid (AcidActiveAgent) + Niacinamide (VitaminDerivative)
// Shape 1 won't fire (no Retinoid). But Shape 2 (missing maxConcentration)
// should warn on ingredients without EU limits.

CALL {
  MATCH (:Product {name: 'Brightening Serum'})-[:HAS_TRIPLE]->(t:Triple)
  RETURN t.s AS s, t.p AS p, t.o AS o
  UNION
  MATCH (:Product {name: 'Brightening Serum'})-[:CONTAINS*]->(:Ingredient)-[:HAS_TRIPLE]->(t:Triple)
  RETURN t.s AS s, t.p AS p, t.o AS o
  UNION
  MATCH (t:Triple:Ontology)
  RETURN t.s AS s, t.p AS p, t.o AS o
  UNION
  MATCH (t:Triple:SHACLShape)
  RETURN t.s AS s, t.p AS p, t.o AS o
}
WITH n20s.graph.project('shacl_brightening', s, p, o) AS g
RETURN g.graphName, g.tripleCount",46,29,false
Demo 7e: Validate Brightening Serum,,"// ── Demo 7e: Validate Brightening Serum ──────────────────────

CALL n20s.graph.validate('shacl_brightening')
YIELD focusNode, path, severity, message
RETURN focusNode, severity, message",47,29,false
Demo 7f: Cleanup,,"// ── Demo 7f: Cleanup ─────────────────────────────────────────

CALL n20s.graph.drop('shacl_brightening')",48,29,false
Demo 8: Full portfolio risk scan,,"// ── Demo 8: Full portfolio risk scan ─────────────────────────
//
// For each product sold in EU: compute Retinol concentration,
// check against limit, flag non-compliant

MATCH (p:Product)-[:SELLS_IN]->(:Market {name: 'EU'})
OPTIONAL MATCH path = (p)-[:CONTAINS*]->(retinol:Ingredient {name: 'Retinol'})
WITH p,
     CASE WHEN path IS NOT NULL
       THEN reduce(conc = 1.0, r IN relationships(path) | conc * r.ratio)
       ELSE 0.0
     END AS retinolConc
MATCH (b:Brand)-[:PRODUCES]->(p)
RETURN b.name AS brand, p.name AS product,
       round(retinolConc * 100, 4) AS retinol_pct,
       CASE
         WHEN retinolConc > 0.0005 THEN 'NON-COMPLIANT'
         WHEN retinolConc > 0 THEN 'COMPLIANT'
         ELSE 'NO RETINOL'
       END AS eu_status
ORDER BY retinolConc DESC",49,29,false
